label,count,disp,duration,volume
0,1409,3.711394407988751,5.983122362869198,11.97003375527426
1,236,19.91652251950907,2.1519886363636376,2.703316761363636
2,41,131.3695613194527,11.75609756097561,31.47629268292683
