label,count,disp,duration,volume
0,205,1.4383180406900655,1.3170731707317076,3.3002926829268295
1,322,1.0522261185139468,2.4083769633507854,9.94870157068063
2,191,5.301487774074176,1.875776397515528,6.536826086956522
