label,count,disp,duration,volume
0,2149,3.220527483201362,2.2768729641693826,2.427581200558399
1,399,16.418970270927943,11.239436619718308,26.45947887323944
2,71,119.4118129744098,5.859649122807019,9.701726817042605
