label,count,disp,duration,volume
0,90,7782.881111111113,2.488372093023256,698.1395348837208
1,43,24613.253650621955,1.5333333333333332,147.96666666666687
2,7,216586.04081632654,6.142857142857142,1815.7142857142858
