label,count,disp,duration,volume
0,6840,1656.3161466776146,1.4038011695906407,39.07280701754391
1,831,12975.877050687788,6.229729729729731,887.9189189189192
2,148,63878.94065010955,3.3790613718411544,315.4572803850783
