label,count,disp,duration,volume
0,46,2.3739251701323245,1.4347826086956519,2.9289999999999985
1,23,6.144663879017015,2.2173913043478257,11.550521739130435
2,5,18.92037880000001,5.0,24.875000000000004
