label,count,disp,duration,volume
0,1176,2.418947740142277,2.8036253776435043,7.960148036253777
1,662,7.90142795858927,1.8486394557823114,2.4709617346938777
2,48,97.63702213498264,8.3125,22.85577083333333
