label,count,disp,duration,volume
0,83,2.5248756292640433,2.8510638297872344,13.236042553191488
1,47,26.3501159302852,1.638554216867469,2.715481927710842
2,3,209.89865711111102,8.333333333333334,52.22033333333333
