label,count,disp,duration,volume
0,1176,2.4189477401422765,2.8036253776435043,7.960148036253777
1,662,7.90142795858927,1.8486394557823118,2.470961734693878
2,48,97.63702213498264,8.3125,22.855770833333334
