label,count,disp,duration,volume
0,342,12721.733875380452,2.4245671887881293,502.0667765869743
1,1213,7191.284368503074,1.505847953216374,180.3918128654969
2,40,46991.05,4.5,1105.0
