label,count,disp,duration,volume
0,2378,2.831106275598832,2.164775115594791,2.4414300126103408
1,1749,7.277188907121585,3.185926773455379,8.538428489702516
2,133,113.70325136084575,9.105263157894736,23.802518796992477
