label,count,disp,duration,volume
0,258,1.5664835733429487,4.919354838709676,5.478612903225807
1,62,5.949237595213318,2.077519379844959,1.974201550387597
2,23,21.541420068052926,10.260869565217389,11.60504347826087
