label,count,disp,duration,volume
0,649,2.5928755216250643,1.8952234206471497,2.3847642526964563
1,74,9.609246742878012,10.11111111111111,23.272037037037034
2,27,46.806922504801115,4.905405405405406,9.481108108108108
