label,count,disp,duration,volume
0,684,1.7010976210286919,10.891304347826088,12.363760869565217
1,203,8.33615057002111,5.295566502463055,5.594655172413793
2,46,31.9614998284499,2.226608187134503,1.9420175438596492
